filter_name,filter_family,description,targeted_to_outcome,sensors_retained,sensors_removed,removed_sensor_ids,daily_missing_mean_pct,daily_missing_median_pct,daily_missing_p90_pct,days_missing_ge_25pct,longest_missing_ge_25pct_episode_days,daily_valid_sensor_min,daily_valid_sensor_median,missing_mean_improvement_pct_points,reference_mean_bias_ugm3,reference_mean_mae_ugm3,reference_mean_p95_abs_diff_ugm3,reference_mean_max_abs_diff_ugm3,reference_mean_pearson_r,daily_mean_pm25_spearman_rho,temporal_spearman_rho,spatial_cv_spearman_rho,spatial_sd_spearman_rho,sensor_missing_morans_i,temporal_abs_reduction,spatial_cv_abs_reduction,spatial_sd_abs_reduction,pm_abs_reduction,joint_temporal_spatial_cv_reduction,partial_pm_coef_pct_per_1sd,partial_spatial_cv_coef_pct_per_1sd,partial_time_coef_pct_per_1sd,partial_model_r_squared
record_ge_50pct_gap_le_90d,record_presence_plus_gap,Keep sensors with record presence >= 50% and gap <= 90 days.,False,55,16,81432131001;81432131007;81432131012;81432147034;81432147039;81432147055;81432147053;81432147056;81432147060;81432147069;81432144006;81432144007;81432144008;81432144016;81432144024;81432144031,19.98401826484018,20.378787878787875,27.13636363636364,75,29,36,47.0,8.357193388642354,-0.3094998337494959,0.5729650938026991,2.014296965229966,6.673581945978867,0.9998805300575548,-0.258954071205371,0.050028540003821516,0.0020240821853701255,-0.20763586362038094,0.01032053483860818,0.3726408544724627,0.29618269562493826,-0.0537539173983943,-0.19719737963616069,0.6688235500974009,-3.854663122551498,0.29919796310668123,2.1160201210657466,0.25235031475175884
daily_presence_ge_70pct,daily_presence_threshold,Keep sensors with daily presence >= 70%.,False,50,21,81432131001;81432131007;81432131015;81432131012;81432147034;81432147039;81432147044;81432147055;81432147053;81432147056;81432147060;81432147069;81432144006;81432144007;81432144008;81432144014;81432144016;81432144021;81432144024;81432144027;81432144031,18.074429223744293,18.74999999999999,25.88333333333332,44,20,35,44.0,10.266782429738244,-0.6369928516988539,0.9196081996059409,2.9130567682137496,8.984588057434564,0.9997621116755738,-0.3859320993009824,-0.12454149177730488,-0.041579967444513435,-0.3439228592662058,0.0658913271060306,0.2981279026989793,0.256626810365795,-0.19004091304421916,-0.32417540773177206,0.5547547130647743,-3.2631722214430123,0.37586971694734916,0.8102049641292101,0.22460597860970843
remove_worst_daily_missing_k15,remove_worst_daily_missing,Remove top 15 sensors ranked by daily_missing.,False,56,15,81432131001;81432131007;81432147039;81432147055;81432147053;81432147056;81432147060;81432144006;81432144007;81432144008;81432144014;81432144016;81432144024;81432144027;81432144031,20.444390084801046,21.651785714285708,27.17261904761905,82,37,38,48.0,7.896821568681495,-0.1457895184592527,0.5372620057112873,1.863371579908949,7.596983865557206,0.9998492108297607,-0.2934415510860111,-0.007139207450560902,0.04229874607748113,-0.23656455301888504,0.038103906465647486,0.4155301870257233,0.2559080317328273,-0.0826826067968984,-0.2316848595168008,0.6714382187585506,-3.5249339254782397,0.4919181971669407,1.3410679068462839,0.23839838691555781
daily_ge_60pct_gap_le_90d,daily_presence_plus_gap,Keep sensors with daily presence >= 60% and gap <= 90 days.,False,56,15,81432131001;81432131007;81432131012;81432147039;81432147055;81432147056;81432147060;81432147069;81432144006;81432144007;81432144008;81432144016;81432144024;81432144027;81432144031,21.28118884540117,22.247023809523803,28.27380952380952,104,35,37,48.0,7.060022808081364,-0.07599910718752488,0.45005867651571513,1.2744047517412214,10.729674092804743,0.9998642823703766,-0.311556873138043,-0.0642640365317928,0.050763262139796594,-0.2579464006350883,0.06163768156033018,0.3584053579444914,0.24744351567051182,-0.10406445441310164,-0.24980018156883266,0.6058488736150032,-3.7354110841783763,0.6270863731683263,1.0890059309474205,0.24600605063273617
remove_worst_daily_missing_k20,remove_worst_daily_missing,Remove top 20 sensors ranked by daily_missing.,False,51,20,81432131001;81432131007;81432131015;81432131012;81432147034;81432147039;81432147055;81432147053;81432147056;81432147060;81432147069;81432144006;81432144007;81432144008;81432144014;81432144016;81432144021;81432144024;81432144027;81432144031,18.359745724773926,19.03594771241831,25.784313725490186,49,20,36,45.0,9.98146592870861,-0.4369715562290413,0.7314211794223021,2.5059131868043436,9.694024770521423,0.9998040123898493,-0.34693389407219155,-0.13697384578065297,-0.07194306654356972,-0.31166629866337536,0.07195906536430918,0.28569554869563124,0.2262637112667387,-0.15778435244138872,-0.28517720250298123,0.5119592599623699,-3.0705215197331013,0.33481054229328505,0.48227112709744857,0.2112744650778452
remove_longest_gap_k20,remove_longest_gap,Remove top 20 sensors ranked by longest_gap.,False,51,20,81432131001;81432131007;81432131015;81432131012;81432147001;81432147041;81432147044;81432147055;81432147056;81432147060;81432147069;81432144006;81432144007;81432144008;81432144016;81432144019;81432144021;81432144024;81432144027;81432144031,21.189005282478288,20.996732026143803,30.147058823529417,111,29,34,45.0,7.152206371004249,-0.6444461171544891,0.793485389191494,2.3610600155840817,11.069873856151247,0.9998355590374183,-0.35676742695257385,-0.08296796672844751,0.08040590705157104,-0.2940600169060334,0.13756276957971691,0.3397014277478367,0.21780087075873739,-0.14017807068404675,-0.29501073538336353,0.5575022985065741,-3.49791469208843,0.7176768432869827,0.8815692015287574,0.21123522352825186
daily_ge_50pct_gap_le_90d,daily_presence_plus_gap,Keep sensors with daily presence >= 50% and gap <= 90 days.,False,57,14,81432131001;81432131007;81432131012;81432147039;81432147055;81432147056;81432147060;81432147069;81432144006;81432144007;81432144008;81432144016;81432144024;81432144031,21.745774252984056,22.514619883040954,29.298245614035107,111,37,37,49.0,6.59543740049848,-0.08847823465704648,0.4313020472903891,1.3120482479298063,5.24668590776318,0.9999047045000163,-0.2637757347945378,0.021069854144675697,0.08758057714878492,-0.20311811236613372,0.04900427120188338,0.4015995403316085,0.2106262006615235,-0.04923616614414708,-0.2020190432253275,0.612225740993132,-3.9099152063481744,0.5862613962546981,1.706330652258404,0.2537665353731705
daily_ge_60pct_gap_le_60d,daily_presence_plus_gap,Keep sensors with daily presence >= 60% and gap <= 60 days.,False,52,19,81432131001;81432131007;81432131012;81432147001;81432147039;81432147041;81432147044;81432147055;81432147056;81432147060;81432147069;81432144006;81432144007;81432144008;81432144016;81432144019;81432144024;81432144027;81432144031,20.73103266596417,20.673076923076927,29.37499999999999,88,35,34,46.0,7.610178987518365,-0.8339667793074017,0.926667446272222,3.327622642679585,11.795959294330942,0.9998004078002579,-0.3199752184421872,0.004606133054520765,0.10037730066219096,-0.2588032296527851,0.07504817067821375,0.4180632614217634,0.19782947714811744,-0.10492128343079848,-0.25821852687297686,0.6158927385698809,-3.8096016461040865,0.6175818891095314,1.8129803508363862,0.24824739069777801
daily_ge_50pct_gap_le_60d,daily_presence_plus_gap,Keep sensors with daily presence >= 50% and gap <= 60 days.,False,52,19,81432131001;81432131007;81432131012;81432147001;81432147039;81432147041;81432147044;81432147055;81432147056;81432147060;81432147069;81432144006;81432144007;81432144008;81432144016;81432144019;81432144024;81432144027;81432144031,20.73103266596417,20.673076923076927,29.37499999999999,88,35,34,46.0,7.610178987518365,-0.8339667793074017,0.926667446272222,3.327622642679585,11.795959294330942,0.9998004078002579,-0.3199752184421872,0.004606133054520765,0.10037730066219096,-0.2588032296527851,0.07504817067821375,0.4180632614217634,0.19782947714811744,-0.10492128343079848,-0.25821852687297686,0.6158927385698809,-3.8096016461040865,0.6175818891095314,1.8129803508363862,0.24824739069777801
max_gap_le_90d,max_gap_threshold,Keep sensors with longest daily gap <= 90 days.,False,58,13,81432131001;81432131007;81432131012;81432147055;81432147056;81432147060;81432147069;81432144006;81432144007;81432144008;81432144016;81432144024;81432144031,22.584632341363566,23.49137931034482,30.158045977011493,141,38,37,49.0,5.756579312118973,0.03353257164395126,0.3543275727256835,1.1331202755703347,3.607700668240568,0.9999491188053796,-0.26962729089961157,0.024030229441888443,0.10900019088509809,-0.20117239772126097,0.07004163243938419,0.3986391650343958,0.1892065869252103,-0.04729045149927433,-0.20787059933040125,0.5878457519596061,-4.103853622103019,0.5809072912524785,1.736422320280372,0.26236225448173456
max_gap_le_60d,max_gap_threshold,Keep sensors with longest daily gap <= 60 days.,False,53,18,81432131001;81432131007;81432131012;81432147001;81432147041;81432147044;81432147055;81432147056;81432147060;81432147069;81432144006;81432144007;81432144008;81432144016;81432144019;81432144024;81432144027;81432144031,21.668174377530793,21.698113207547188,30.70754716981131,112,37,34,46.0,6.673037275951738,-0.693188935400878,0.7946791688846435,2.5087804166046284,9.713395796582347,0.9998683977045685,-0.32775573870937547,0.0029312401709088018,0.11283485510731749,-0.2569593047381127,0.09865464589123309,0.4197381543053754,0.1853719227029909,-0.10307735851612604,-0.26599904714016515,0.6051100770083664,-4.027122892585611,0.6455172563850472,1.833237464906407,0.2590555776770809
remove_longest_gap_k12,remove_longest_gap,Remove top 12 sensors ranked by longest_gap.,False,59,12,81432131001;81432131007;81432131012;81432147055;81432147056;81432147060;81432144006;81432144007;81432144008;81432144016;81432144024;81432144031,22.763911461961147,23.163841807909602,30.903954802259896,138,42,37,50.0,5.577300191521389,-0.06738830340667802,0.3307088008292672,1.0909241574012611,3.6077006682405965,0.9999526502826946,-0.22529677164750167,0.08420921838871544,0.12878624341191747,-0.15368191301674694,0.06600653154096292,0.3384601760875688,0.16942053439839094,0.00020003320523970247,-0.16354008007829135,0.5078807104859597,-3.9733192795030527,0.6385112307083877,2.2555286285161187,0.2518923629715186
remove_longest_gap_k15,remove_longest_gap,Remove top 15 sensors ranked by longest_gap.,False,56,15,81432131001;81432131007;81432131012;81432147041;81432147044;81432147055;81432147056;81432147060;81432147069;81432144006;81432144007;81432144008;81432144016;81432144024;81432144031,22.23091976516634,22.619047619047617,30.44642857142858,122,42,35,48.0,6.110291888316197,-0.07898893556937465,0.45434554296426233,1.3648313148997095,4.013710042976328,0.9999263408599935,-0.2922809177337599,0.05560746484515677,0.1337274723903701,-0.21526586340820003,0.06875633156604637,0.36706192963112744,0.1644793054199383,-0.06138391718621339,-0.2305242261645496,0.5315412350510658,-4.345713963761325,0.5964604305389016,2.3864380824418077,0.2847445134649925
remove_longest_gap_k10,remove_longest_gap,Remove top 10 sensors ranked by longest_gap.,False,61,10,81432131001;81432131007;81432147055;81432147056;81432147060;81432144006;81432144007;81432144008;81432144016;81432144031,23.73025675574519,24.521857923497258,31.4344262295082,172,42,38,51.0,4.610954897737348,-0.016616899204919135,0.25805704024417414,0.9006447071924258,3.068621737561955,0.9999695386913362,-0.2253460839787492,0.06157831629735879,0.1377432273913211,-0.15322242070892544,-0.001407129566686902,0.36109107817892544,0.1604635504189873,0.0006595255130611988,-0.16358939240953888,0.5215546285979127,-3.9208523342257515,0.7085807748294234,1.9989733295112657,0.24397586759853807
record_ge_50pct_gap_le_120d,record_presence_plus_gap,Keep sensors with record presence >= 50% and gap <= 120 days.,False,62,9,81432131007;81432147034;81432147039;81432147053;81432147056;81432147060;81432144008;81432144016;81432144024,22.15587715422006,21.706989247311835,30.766129032258053,108,48,38,52.0,6.185334499262477,-0.22963629134127378,0.49115593866876356,1.8954248765830928,5.614429337768627,0.9999091314933237,-0.06856695694263913,0.28808052289160613,0.165072342856761,0.007663341098076086,-0.007915350289192092,0.13458887158467808,0.1331344349535474,0.14621860512391055,-0.0068102653734288116,0.2677233065382255,-3.024608531030745,0.35503228860476416,3.6508258522307515,0.2647485494631555
